{"count":1,"self":433.69210879999997,"total":1419.6589517999998,"children":{"InitializeActuators":{"count":7,"self":0.0010887,"total":0.0010887,"children":null},"InitializeSensors":{"count":7,"self":0.0030702,"total":0.0030702,"children":null},"AgentSendState":{"count":44117,"self":42.3730368,"total":170.5657286,"children":{"CollectObservations":{"count":308819,"self":60.667699199999994,"total":60.667697399999994,"children":null},"WriteActionMask":{"count":308819,"self":0.34910359999999996,"total":0.34910359999999996,"children":null},"RequestDecision":{"count":308819,"self":1.1756602,"total":67.1758899,"children":{"AgentInfo.ToProto":{"count":308819,"self":1.1305661,"total":66.000229699999991,"children":{"GenerateSensorData":{"count":308819,"self":64.35720959999999,"total":64.8696636,"children":{"RayPerceptionSensor.Perceive":{"count":308819,"self":0.51245089999999993,"total":0.51245089999999993,"children":null}}}}}}}}},"DecideAction":{"count":44117,"self":639.7458944,"total":639.745872,"children":null},"AgentAct":{"count":44117,"self":173.3214208,"total":173.3214204,"children":null},"AgentInfo.ToProto":{"count":9972,"self":0.0760636,"total":2.3296772,"children":{"GenerateSensorData":{"count":9972,"self":2.2221054,"total":2.2536136,"children":{"RayPerceptionSensor.Perceive":{"count":9972,"self":0.0315082,"total":0.0315082,"children":null}}}}}},"gauges":{"ShipAgent.CumulativeReward":{"count":9972,"max":23.00006,"min":-219.991547,"runningAverage":-0.248404711,"value":-1.7,"weightedAverage":-1.43376184}},"metadata":{"timer_format_version":"0.1.0","start_time_seconds":"1719275449","unity_version":"2023.2.0a12","command_line_arguments":"C:\\Program Files\\Unity\\Hub\\Editor\\2023.2.0a12\\Editor\\Unity.exe -projectpath C:\\Users\\MSI\\Downloads\\space shooter -useHub -hubIPC -cloudEnvironment production -licensingIpc LicenseClient-MSI -hubSessionId b4df095b-3c71-40b0-81e5-749bce90d9fd -accessToken _Zj2MgwCzRCv9WpFAnXd0Ib9LvEPWnl0610dhxVDmFE00af","communication_protocol_version":"1.5.0","com.unity.ml-agents_version":"2.0.1","scene_name":"TrainingScene","end_time_seconds":"1719276869"}}