{
    "name": "root",
    "gauges": {
        "ShipAgent.Policy.Entropy.mean": {
            "value": 0.5648043155670166,
            "min": 0.5648043155670166,
            "max": 1.4024454355239868,
            "count": 30
        },
        "ShipAgent.Policy.Entropy.sum": {
            "value": 5570.6650390625,
            "min": 5570.6650390625,
            "max": 14107.19921875,
            "count": 30
        },
        "ShipAgent.Environment.EpisodeLength.mean": {
            "value": 29.877551020408163,
            "min": 19.84975369458128,
            "max": 69.9290780141844,
            "count": 30
        },
        "ShipAgent.Environment.EpisodeLength.sum": {
            "value": 8784.0,
            "min": 8059.0,
            "max": 11631.0,
            "count": 30
        },
        "ShipAgent.Step.mean": {
            "value": 299999.0,
            "min": 9999.0,
            "max": 299999.0,
            "count": 30
        },
        "ShipAgent.Step.sum": {
            "value": 299999.0,
            "min": 9999.0,
            "max": 299999.0,
            "count": 30
        },
        "ShipAgent.Policy.ExtrinsicValueEstimate.mean": {
            "value": -0.13134273886680603,
            "min": -0.6411808729171753,
            "max": 0.43262025713920593,
            "count": 30
        },
        "ShipAgent.Policy.ExtrinsicValueEstimate.sum": {
            "value": -47.67741394042969,
            "min": -184.94558715820312,
            "max": 159.20425415039062,
            "count": 30
        },
        "ShipAgent.Environment.CumulativeReward.mean": {
            "value": 0.35324233709341835,
            "min": -3.0950002798012326,
            "max": 0.6807407326168484,
            "count": 30
        },
        "ShipAgent.Environment.CumulativeReward.sum": {
            "value": 103.50000476837158,
            "min": -433.30003917217255,
            "max": 184.60001522302628,
            "count": 30
        },
        "ShipAgent.Policy.ExtrinsicReward.mean": {
            "value": 0.35324233709341835,
            "min": -3.0950002798012326,
            "max": 0.6807407326168484,
            "count": 30
        },
        "ShipAgent.Policy.ExtrinsicReward.sum": {
            "value": 103.50000476837158,
            "min": -433.30003917217255,
            "max": 184.60001522302628,
            "count": 30
        },
        "ShipAgent.Losses.PolicyLoss.mean": {
            "value": 0.2448115465474071,
            "min": 0.23506224465685727,
            "max": 0.2493425012144578,
            "count": 30
        },
        "ShipAgent.Losses.PolicyLoss.sum": {
            "value": 18.60567753760294,
            "min": 12.828445527618694,
            "max": 19.435680940098365,
            "count": 30
        },
        "ShipAgent.Losses.ValueLoss.mean": {
            "value": 1.868310659857577,
            "min": 1.3609090908565835,
            "max": 2.5159863620504455,
            "count": 30
        },
        "ShipAgent.Losses.ValueLoss.sum": {
            "value": 141.99161014917584,
            "min": 75.38648238453987,
            "max": 193.73094987788429,
            "count": 30
        },
        "ShipAgent.Policy.LearningRate.mean": {
            "value": 0.0002823014293205781,
            "min": 0.0002823014293205781,
            "max": 0.0002996246493558861,
            "count": 30
        },
        "ShipAgent.Policy.LearningRate.sum": {
            "value": 0.021454908628363936,
            "min": 0.015580481766506078,
            "max": 0.02323627481457508,
            "count": 30
        },
        "ShipAgent.Policy.Epsilon.mean": {
            "value": 0.1941004744736842,
            "min": 0.1941004744736842,
            "max": 0.19987488307692308,
            "count": 30
        },
        "ShipAgent.Policy.Epsilon.sum": {
            "value": 14.75163606,
            "min": 10.393493920000001,
            "max": 15.545424920000002,
            "count": 30
        },
        "ShipAgent.Policy.Beta.mean": {
            "value": 0.0005000000000000001,
            "min": 0.0005,
            "max": 0.0005000000000000001,
            "count": 30
        },
        "ShipAgent.Policy.Beta.sum": {
            "value": 0.038000000000000006,
            "min": 0.026000000000000002,
            "max": 0.03950000000000001,
            "count": 30
        },
        "ShipAgent.IsTraining.mean": {
            "value": 1.0,
            "min": 1.0,
            "max": 1.0,
            "count": 30
        },
        "ShipAgent.IsTraining.sum": {
            "value": 1.0,
            "min": 1.0,
            "max": 1.0,
            "count": 30
        }
    },
    "metadata": {
        "timer_format_version": "0.1.0",
        "start_time_seconds": "1719275441",
        "python_version": "3.8.0 (tags/v3.8.0:fa919fd, Oct 14 2019, 19:37:50) [MSC v.1916 64 bit (AMD64)]",
        "command_line_arguments": "C:\\Users\\MSI\\Downloads\\space shooter\\mlAgentsEnv-env\\Scripts\\mlagents-learn config/ShipAgent.yaml --force",
        "mlagents_version": "0.29.0",
        "mlagents_envs_version": "0.29.0",
        "communication_protocol_version": "1.5.0",
        "pytorch_version": "2.0.0+cpu",
        "numpy_version": "1.21.2",
        "end_time_seconds": "1719276712"
    },
    "total": 1270.6914548,
    "count": 1,
    "self": 0.007472000000007029,
    "children": {
        "run_training.setup": {
            "total": 0.08661990000000008,
            "count": 1,
            "self": 0.08661990000000008
        },
        "TrainerController.start_learning": {
            "total": 1270.5973629,
            "count": 1,
            "self": 0.8855758999966383,
            "children": {
                "TrainerController._reset_env": {
                    "total": 8.831604299999999,
                    "count": 1,
                    "self": 8.831604299999999
                },
                "TrainerController.advance": {
                    "total": 1260.6341557000035,
                    "count": 44101,
                    "self": 0.7723553000043921,
                    "children": {
                        "env_step": {
                            "total": 809.1059634999947,
                            "count": 44101,
                            "self": 772.0174818000041,
                            "children": {
                                "SubprocessEnvManager._take_step": {
                                    "total": 36.509108099984054,
                                    "count": 44101,
                                    "self": 2.4192827999923097,
                                    "children": {
                                        "TorchPolicy.evaluate": {
                                            "total": 34.089825299991745,
                                            "count": 44101,
                                            "self": 6.574748199990456,
                                            "children": {
                                                "TorchPolicy.sample_actions": {
                                                    "total": 27.51507710000129,
                                                    "count": 44101,
                                                    "self": 27.51507710000129
                                                }
                                            }
                                        }
                                    }
                                },
                                "workers": {
                                    "total": 0.5793736000065319,
                                    "count": 44100,
                                    "self": 0.0,
                                    "children": {
                                        "worker_root": {
                                            "total": 1135.6778112000088,
                                            "count": 44100,
                                            "is_parallel": true,